artist,title,ultimate_guitar_url
4 Non Blondes,Whats Up,https://tabs.ultimate-guitar.com/tab/4-non-blondes/whats-up-chords-349210
A Great Big World,Say Something,https://tabs.ultimate-guitar.com/tab/a-great-big-world/say-something-chords-1443639
A Great Big World,Shorty Dont Wait,https://tabs.ultimate-guitar.com/tab/a-great-big-world/shorty-dont-wait-chords-1458451
ABBA,Dancing Queen,https://tabs.ultimate-guitar.com/tab/abba/dancing-queen-official-1979611
ABBA,Does Your Mother Know,https://tabs.ultimate-guitar.com/tab/abba/does-your-mother-know-chords-1142471
ABBA,Gimme Gimme Gimme,https://tabs.ultimate-guitar.com/tab/abba/gimme-gimme-gimme-chords-1470919
ABBA,Honey Honey,https://tabs.ultimate-guitar.com/tab/abba/honey-honey-chords-52948
ABBA,Knowing Me Knowing You,https://tabs.ultimate-guitar.com/tab/abba/knowing-me-knowing-you-chords-1090536
ABBA,Mamma Mia,https://tabs.ultimate-guitar.com/tab/abba/mamma-mia-chords-709013
ABBA,Slipping Through My Fingers,https://tabs.ultimate-guitar.com/tab/abba/slipping-through-my-fingers-chords-879696
ABBA,Super Trouper,https://tabs.ultimate-guitar.com/tab/abba/super-trouper-chords-116282
ABBA,Take A Chance On Me,https://tabs.ultimate-guitar.com/tab/abba/take-a-chance-on-me-chords-1053599
ABBA,The Winner Takes It All,https://tabs.ultimate-guitar.com/tab/abba/the-winner-takes-it-all-chords-18447
AJR,Dear Winter,https://tabs.ultimate-guitar.com/tab/ajr/dear-winter-chords-2654874
Ace of Base,The Sign,https://tabs.ultimate-guitar.com/tab/ace-of-base/the-sign-chords-137750
Adele,Easy On Me,https://tabs.ultimate-guitar.com/tab/adele/easy-on-me-chords-3911342
Adele,Make You Feel My Love,https://tabs.ultimate-guitar.com/tab/adele/make-you-feel-my-love-official-2140691
Adele,Set Fire To The Rain,https://tabs.ultimate-guitar.com/tab/adele/set-fire-to-the-rain-chords-1036340
Adele,Someone Like You,https://tabs.ultimate-guitar.com/tab/adele/someone-like-you-chords-1006751
Adele,When We Were Young,https://tabs.ultimate-guitar.com/tab/adele/when-we-were-young-chords-1782038
Alan Jackson,Drive For Daddy Gene,https://tabs.ultimate-guitar.com/tab/alan-jackson/drive-for-daddy-gene-chords-921418
Alan Jackson,Remember When,https://tabs.ultimate-guitar.com/tab/alan-jackson/remember-when-chords-377957
Alan Jackson,The Old Rugged Cross,https://tabs.ultimate-guitar.com/tab/alan-jackson/the-old-rugged-cross-chords-1741853
Alan Menken,Friend Like Me,https://tabs.ultimate-guitar.com/tab/alan-menken/friend-like-me-ukulele-1347538
Albert E. Brumley,Ill Fly Away,https://tabs.ultimate-guitar.com/tab/albert-e-brumley/ill-fly-away-chords-815083
Alessia Cara,How Far Ill Go,https://tabs.ultimate-guitar.com/tab/alessia-cara/how-far-ill-go-chords-1905507
Alice DeeJay,Better Off Alone,https://tabs.ultimate-guitar.com/tab/alice-deejay/better-off-alone-chords-1685377
Alison Krauss,Down To The River To Pray,https://tabs.ultimate-guitar.com/tab/alison-krauss/down-to-the-river-to-pray-chords-2889116
Anne-Marie,Depressed,https://tabs.ultimate-guitar.com/tab/anne-marie/depressed-chords-5955011
Aqua,Barbie Girl,https://tabs.ultimate-guitar.com/tab/aqua/barbie-girl-chords-1682339
Avicii,Wake Me Up,https://tabs.ultimate-guitar.com/tab/avicii/wake-me-up-chords-1397339
Avril Lavigne,Sk8Er Boi,https://tabs.ultimate-guitar.com/tab/avril-lavigne/sk8er-boi-chords-752868
Backstreet Boys,I Want It That Way,https://tabs.ultimate-guitar.com/tab/backstreet-boys/i-want-it-that-way-chords-827123
Barenaked Ladies,One Week,https://tabs.ultimate-guitar.com/tab/barenaked-ladies/one-week-chords-1149813
Bastille,Pompeii,https://tabs.ultimate-guitar.com/tab/bastille/pompeii-chords-1227805
Bee Gees,How Deep Is Your Love,https://tabs.ultimate-guitar.com/tab/bee-gees/how-deep-is-your-love-chords-1191900
Bee Gees,Islands In The Stream,https://tabs.ultimate-guitar.com/tab/bee-gees/islands-in-the-stream-chords-1165716
Bee Gees,To Love Somebody,https://tabs.ultimate-guitar.com/tab/bee-gees/to-love-somebody-chords-2437013
Ben E. King,Stand By Me,https://tabs.ultimate-guitar.com/tab/ben-e-king/stand-by-me-chords-73005
Ben Folds,The Luckiest,https://tabs.ultimate-guitar.com/tab/ben-folds/the-luckiest-chords-671981
Ben Folds Five,Brick,https://tabs.ultimate-guitar.com/tab/ben-folds-five/brick-chords-336333
Ben Folds Five,Luckiest,https://tabs.ultimate-guitar.com/tab/ben-folds-five/luckiest-chords-271306
Ben Platt,Grow As We Go,https://tabs.ultimate-guitar.com/tab/ben-platt/grow-as-we-go-chords-2619378
Beyoncé,Halo,https://tabs.ultimate-guitar.com/tab/2141159
Beyoncé,Love On Top,https://tabs.ultimate-guitar.com/tab/3713894
Big Wild,6S To 9S,https://tabs.ultimate-guitar.com/tab/big-wild/6s-to-9s-chords-2950643
Bill Withers,Aint No Sunshine,https://tabs.ultimate-guitar.com/tab/bill-withers/aint-no-sunshine-chords-468744
Bill Withers,Lean On Me,https://tabs.ultimate-guitar.com/tab/bill-withers/lean-on-me-chords-150987
Billie Eilish,Bad Guy,https://tabs.ultimate-guitar.com/tab/billie-eilish/bad-guy-official-2650386
Billy Joel,Piano Man,https://tabs.ultimate-guitar.com/tab/billy-joel/piano-man-chords-1051336
Billy Joel,Shes Always A Woman,https://tabs.ultimate-guitar.com/tab/billy-joel/shes-always-a-woman-chords-583675
Billy Joel,The Longest Time,https://tabs.ultimate-guitar.com/tab/billy-joel/the-longest-time-chords-758243
Billy Joel,The River Of Dreams,https://tabs.ultimate-guitar.com/tab/billy-joel/the-river-of-dreams-chords-1054203
Billy Joel,Vienna,https://tabs.ultimate-guitar.com/tab/billy-joel/vienna-official-2485866
Birdtalker,Heavy,https://tabs.ultimate-guitar.com/tab/birdtalker/heavy-chords-1867136
Birdtalker,Old Sob Story,https://tabs.ultimate-guitar.com/tab/birdtalker/old-sob-story-chords-4305287
Blind Melon,No Rain,https://tabs.ultimate-guitar.com/tab/blind-melon/no-rain-chords-57624
Blink-182,Adams Song,https://tabs.ultimate-guitar.com/tab/blink-182/adams-song-chords-755261
Blink-182,All The Small Things,https://tabs.ultimate-guitar.com/user/tab/view?h=pEPg4GoQtU1VbSjK7RH4frLL&tab_id=23831124
Blink-182,Feeling This,https://tabs.ultimate-guitar.com/tab/blink-182/feeling-this-chords-1136716
Blink-182,First Date,https://tabs.ultimate-guitar.com/tab/blink-182/first-date-chords-972766
Blondie,The Tide Is High,https://tabs.ultimate-guitar.com/tab/blondie/the-tide-is-high-chords-62181
Bloodhound Gang,The Bad Touch,https://tabs.ultimate-guitar.com/tab/bloodhound-gang/the-bad-touch-chords-706086
Blue Swede,Hooked On A Feeling,https://tabs.ultimate-guitar.com/tab/blue-swede/hooked-on-a-feeling-chords-753575
Bo Burnham,All Eyes On Me,https://tabs.ultimate-guitar.com/user/tab/view?h=dfI5M4J9v658-k4fHyCY6zuo&tab_id=23457099
Bo Burnham,Art Is Dead,https://tabs.ultimate-guitar.com/tab/bo-burnham/art-is-dead-chords-2447521
Bo Burnham,Kill Yourself,https://tabs.ultimate-guitar.com/tab/bo-burnham/kill-yourself-chords-1766519
Bo Burnham,Welcome To The Internet,https://tabs.ultimate-guitar.com/tab/bo-burnham/welcome-to-the-internet-chords-3732602
Bob Dylan,Dont Think Twice Its All Right,https://tabs.ultimate-guitar.com/tab/bob-dylan/dont-think-twice-its-all-right-chords-178850
Bob Dylan,It Aint Me Babe,https://tabs.ultimate-guitar.com/tab/bob-dylan/it-aint-me-babe-chords-14882
Bob Seger,Old Time Rock And Roll,https://tabs.ultimate-guitar.com/tab/bob-seger/old-time-rock-and-roll-chords-331847
Bonnie Raitt,I Cant Make You Love Me,https://tabs.ultimate-guitar.com/tab/bonnie-raitt/i-cant-make-you-love-me-chords-611294
Bonnie Raitt,Something To Talk About,https://tabs.ultimate-guitar.com/tab/bonnie-raitt/something-to-talk-about-chords-1718556
Bonnie Tyler,Total Eclipse Of The Heart,https://tabs.ultimate-guitar.com/tab/bonnie-tyler/total-eclipse-of-the-heart-chords-960748
Bowling for Soup,1985,https://tabs.ultimate-guitar.com/tab/bowling-for-soup/1985-chords-827445
Brad Paisley,This Is Country Music,https://tabs.ultimate-guitar.com/tab/brad-paisley/this-is-country-music-chords-1011353
Brad Paisley,Ticks,https://tabs.ultimate-guitar.com/tab/brad-paisley/ticks-chords-511546
Brad Paisley,Water,https://tabs.ultimate-guitar.com/tab/brad-paisley/water-chords-854157
Brad Paisley,Whiskey Lullaby,https://tabs.ultimate-guitar.com/tab/brad-paisley/whiskey-lullaby-chords-395700
Brandi Carlile,Hearts Content,https://tabs.ultimate-guitar.com/tab/brandi-carlile/hearts-content-chords-2937389
Brantley Gilbert,Bottoms Up,https://tabs.ultimate-guitar.com/tab/brantley-gilbert/bottoms-up-chords-1449978
Brent Morgan,Kiss The Girl,https://tabs.ultimate-guitar.com/tab/brent-morgan/kiss-the-girl-chords-3864071
Britney Spears,Lucky,https://tabs.ultimate-guitar.com/tab/britney-spears/lucky-chords-346800
Britney Spears,Toxic,https://tabs.ultimate-guitar.com/tab/britney-spears/toxic-chords-618385
Brooks & Dunn,Boot Scootin Boogie,https://tabs.ultimate-guitar.com/tab/brooks-dunn/boot-scootin-boogie-chords-1853911
Bruno Major,Nothing,https://tabs.ultimate-guitar.com/tab/bruno-major/nothing-chords-2936795
Bryan Adams,Everything I Do I Do It For You,https://tabs.ultimate-guitar.com/tab/bryan-adams/everything-i-do-i-do-it-for-you-chords-18587
Bryan Adams,Summer Of 69,https://tabs.ultimate-guitar.com/tab/bryan-adams/summer-of-69-chords-843137
Buffalo Springfield,For What Its Worth,https://tabs.ultimate-guitar.com/tab/buffalo-springfield/for-what-its-worth-official-1956147
Burl Ives,Down In The Valley,https://tabs.ultimate-guitar.com/tab/burl-ives/down-in-the-valley-chords-3718322
BØRNS,Electric Love,https://tabs.ultimate-guitar.com/tab/1708890
Carly Rae Jepsen,Call Me Maybe,https://tabs.ultimate-guitar.com/tab/carly-rae-jepsen/call-me-maybe-chords-1120096
Carole King,Youve Got A Friend,https://tabs.ultimate-guitar.com/tab/carole-king/youve-got-a-friend-chords-463673
Carrie Underwood,Before He Cheats,https://tabs.ultimate-guitar.com/tab/carrie-underwood/before-he-cheats-chords-438359
Cascada,Everytime We Touch,https://tabs.ultimate-guitar.com/user/tab/view?h=1tCR64RgWfsPx4T1C0CXrRl9&tab_id=23831214
Cat Stevens (Yusuf Islam),If You Want To Sing Out Sing Out,https://tabs.ultimate-guitar.com/tab/cat-stevens-yusuf-islam/if-you-want-to-sing-out-sing-out-chords-84503
Cat Stevens (Yusuf Islam),Trouble,https://tabs.ultimate-guitar.com/tab/cat-stevens-yusuf-islam/trouble-chords-719182
CeeLo Green,Forget You,https://tabs.ultimate-guitar.com/tab/ceelo-green/forget-you-chords-1031317
Celine Dion,Im Alive,https://tabs.ultimate-guitar.com/tab/celine-dion/im-alive-chords-1977783
Celine Dion,Thats The Way It Is,https://tabs.ultimate-guitar.com/tab/celine-dion/thats-the-way-it-is-chords-1397263
Chappell Roan,Casual,https://tabs.ultimate-guitar.com/tab/chappell-roan/casual-official-5108674
Chappell Roan,Good Luck Babe,https://tabs.ultimate-guitar.com/tab/chappell-roan/good-luck-babe-chords-5191149
Chappell Roan,Hot To Go,https://tabs.ultimate-guitar.com/tab/chappell-roan/hot-to-go-chords-4912102
Chappell Roan,Pink Pony Club,https://tabs.ultimate-guitar.com/tab/chappell-roan/pink-pony-club-chords-3066623
Chappell Roan,Red Wine Supernova,https://tabs.ultimate-guitar.com/tab/chappell-roan/red-wine-supernova-chords-4781672
Chris Stapleton,Tennessee Whiskey,https://tabs.ultimate-guitar.com/tab/chris-stapleton/tennessee-whiskey-chords-1741042
Christina Aguilera,Lady Marmalade,https://tabs.ultimate-guitar.com/tab/christina-aguilera/lady-marmalade-chords-626203
Christina Perri,Jar Of Hearts,https://tabs.ultimate-guitar.com/tab/christina-perri/jar-of-hearts-chords-963934
Cody Johnson,Diamond In My Pocket,https://tabs.ultimate-guitar.com/tab/cody-johnson/diamond-in-my-pocket-chords-1134493
Coldplay,Fix You,https://tabs.ultimate-guitar.com/tab/coldplay/fix-you-chords-202594
Coldplay,Green Eyes,https://tabs.ultimate-guitar.com/tab/coldplay/green-eyes-chords-49158
Coldplay,The Scientist,https://tabs.ultimate-guitar.com/tab/coldplay/the-scientist-chords-180849
Coldplay,Yellow,https://tabs.ultimate-guitar.com/tab/coldplay/yellow-chords-114080
Colin Hay,I Just Dont Think Ill Ever Get Over You,https://tabs.ultimate-guitar.com/tab/colin-hay/i-just-dont-think-ill-ever-get-over-you-chords-325528
Corinne Bailey Rae,Put Your Records On,https://tabs.ultimate-guitar.com/tab/corinne-bailey-rae/put-your-records-on-chords-1079862
Couch,Let Me Hold You,https://tabs.ultimate-guitar.com/tab/couch/let-me-hold-you-chords-5023342
Couch,Poems,https://tabs.ultimate-guitar.com/tab/couch/poems-chords-4848101
Counting Crows,A Long December,https://tabs.ultimate-guitar.com/tab/counting-crows/a-long-december-chords-606345
Counting Crows,Accidentally In Love,https://tabs.ultimate-guitar.com/tab/counting-crows/accidentally-in-love-chords-128241
Creedence Clearwater Revival,Bad Moon Rising,https://tabs.ultimate-guitar.com/tab/creedence-clearwater-revival/bad-moon-rising-chords-15892
Creedence Clearwater Revival,Down On The Corner,https://tabs.ultimate-guitar.com/tab/creedence-clearwater-revival/down-on-the-corner-chords-64057
Creedence Clearwater Revival,Fortunate Son,https://tabs.ultimate-guitar.com/tab/creedence-clearwater-revival/fortunate-son-chords-1045064
Creedence Clearwater Revival,Have You Ever Seen The Rain,https://tabs.ultimate-guitar.com/tab/creedence-clearwater-revival/have-you-ever-seen-the-rain-chords-56479
"Crosby, Stills, Nash & Young",Our House,https://tabs.ultimate-guitar.com/tab/crosby-stills-nash-young/our-house-chords-1051275
Crowded House,Dont Dream Its Over,https://tabs.ultimate-guitar.com/tab/crowded-house/dont-dream-its-over-chords-92855
Cyndi Lauper,Girls Just Want To Have Fun,https://tabs.ultimate-guitar.com/tab/cyndi-lauper/girls-just-want-to-have-fun-chords-911453
Cyndi Lauper,Time After Time,https://tabs.ultimate-guitar.com/tab/cyndi-lauper/time-after-time-chords-212085
Daft Punk,Around The World,https://tabs.ultimate-guitar.com/tab/daft-punk/around-the-world-official-2511060
Daft Punk,Get Lucky,https://tabs.ultimate-guitar.com/tab/daft-punk/get-lucky-chords-1239950
Daft Punk,One More Time,https://tabs.ultimate-guitar.com/tab/daft-punk/one-more-time-official-3581246
Damien Rice,9 Crimes,https://tabs.ultimate-guitar.com/tab/damien-rice/9-crimes-chords-433014
Damien Rice,Cannonball,https://tabs.ultimate-guitar.com/tab/damien-rice/cannonball-chords-144219
Damien Rice,Delicate,https://tabs.ultimate-guitar.com/tab/damien-rice/delicate-chords-112109
Damien Rice,Older Chests,https://tabs.ultimate-guitar.com/tab/damien-rice/older-chests-chords-1690771
Damien Rice,The Blowers Daughter,https://tabs.ultimate-guitar.com/tab/damien-rice/the-blowers-daughter-chords-149330
Damien Rice,The Professor,https://tabs.ultimate-guitar.com/tab/damien-rice/the-professor-chords-1111479
Dan Fogelberg,Only The Heart May Know,https://tabs.ultimate-guitar.com/tab/dan-fogelberg/only-the-heart-may-know-chords-2359485
Dan Henig,Get Low,https://tabs.ultimate-guitar.com/tab/dan-henig/get-low-chords-1430806
Dan Hill,Sometimes When We Touch,https://tabs.ultimate-guitar.com/tab/dan-hill/sometimes-when-we-touch-chords-946499
Daniel Powter,Bad Day,https://tabs.ultimate-guitar.com/tab/daniel-powter/bad-day-chords-202343
Darude,Sandstorm,https://tabs.ultimate-guitar.com/tab/darude/sandstorm-official-2515956
Dashboard Confessional,Hands Down,https://tabs.ultimate-guitar.com/tab/dashboard-confessional/hands-down-chords-98112
Dave Barnes,On A Night Like This,https://tabs.ultimate-guitar.com/tab/dave-barnes/on-a-night-like-this-chords-926138
David Crowder*Band,Come Thou Fount,https://tabs.ultimate-guitar.com/tab/david-crowderband/come-thou-fount-chords-1483119
David Guetta,Im Good Blue,https://tabs.ultimate-guitar.com/tab/david-guetta/im-good-blue-chords-4594307
David Guetta,Titanium,https://tabs.ultimate-guitar.com/tab/david-guetta/titanium-chords-1098920
Deana Carter,Strawberry Wine,https://tabs.ultimate-guitar.com/tab/deana-carter/strawberry-wine-chords-64464
Death Cab for Cutie,I Will Follow You Into The Dark,https://tabs.ultimate-guitar.com/tab/death-cab-for-cutie/i-will-follow-you-into-the-dark-chords-204631
Delta Rae,A Long And Happy Life,https://tabs.ultimate-guitar.com/tab/delta-rae/a-long-and-happy-life-chords-1972239
Des'ree,You Gotta Be,https://tabs.ultimate-guitar.com/tab/desree/you-gotta-be-chords-1837640
Dexys Midnight Runners,Come On Eileen,https://tabs.ultimate-guitar.com/tab/dexys-midnight-runners/come-on-eileen-chords-67001
Dion,The Wanderer,https://tabs.ultimate-guitar.com/tab/dion/the-wanderer-chords-1196200
Dolly Parton,9 To 5,https://tabs.ultimate-guitar.com/tab/dolly-parton/9-to-5-official-2523078
Dolly Parton,Jolene,https://tabs.ultimate-guitar.com/tab/dolly-parton/jolene-chords-183019
Dolly Parton,Shine,https://tabs.ultimate-guitar.com/tab/dolly-parton/shine-chords-2113345
Don McLean,American Pie,https://tabs.ultimate-guitar.com/tab/don-mclean/american-pie-official-2098503
Donna Lewis,I Love You Always Forever,https://tabs.ultimate-guitar.com/tab/donna-lewis/i-love-you-always-forever-chords-743496
Dr. Dog,Whered All The Time Go,https://tabs.ultimate-guitar.com/tab/dr-dog/whered-all-the-time-go-chords-945193
Dua Lipa,Levitating,https://tabs.ultimate-guitar.com/tab/dua-lipa/levitating-official-3532892
Ed Sheeran,The A Team,https://tabs.ultimate-guitar.com/tab/ed-sheeran/the-a-team-chords-989712
Edward Sharpe and the Magnetic Zeros,Home,https://tabs.ultimate-guitar.com/tab/edward-sharpe-and-the-magnetic-zeros/home-chords-923641
Elton John,Can You Feel The Love Tonight,https://tabs.ultimate-guitar.com/tab/elton-john/can-you-feel-the-love-tonight-chords-519520
Elton John,Circle Of Life,https://tabs.ultimate-guitar.com/tab/elton-john/circle-of-life-chords-715636
Elton John,Dont Go Breaking My Heart,https://tabs.ultimate-guitar.com/tab/elton-john/dont-go-breaking-my-heart-chords-1034426
Elton John,Tiny Dancer,https://tabs.ultimate-guitar.com/tab/elton-john/tiny-dancer-chords-900075
Elton John,Your Song,https://tabs.ultimate-guitar.com/tab/elton-john/your-song-chords-29113
Elvis Presley,Cant Help Falling In Love,https://tabs.ultimate-guitar.com/tab/elvis-presley/cant-help-falling-in-love-chords-1086983
Eminem,Lose Yourself,https://tabs.ultimate-guitar.com/tab/eminem/lose-yourself-official-1986375
Eminem,Mockingbird,https://tabs.ultimate-guitar.com/tab/eminem/mockingbird-official-2622027
Eminem,The Real Slim Shady,https://tabs.ultimate-guitar.com/tab/eminem/the-real-slim-shady-official-3581294
Eric Church,Springsteen,https://tabs.ultimate-guitar.com/tab/eric-church/springsteen-chords-1705908
Eric Clapton,Tears In Heaven,https://tabs.ultimate-guitar.com/tab/eric-clapton/tears-in-heaven-chords-627220
Eve 6,Inside Out,https://tabs.ultimate-guitar.com/tab/eve-6/inside-out-chords-1105574
Faith Hill,Breathe,https://tabs.ultimate-guitar.com/tab/faith-hill/breathe-chords-103899
Fall Out Boy,Sugar Were Going Down,https://tabs.ultimate-guitar.com/tab/fall-out-boy/sugar-were-going-down-chords-267936
Feist,1234,https://tabs.ultimate-guitar.com/tab/feist/1234-chords-1505081
First Aid Kit,Emmylou,https://tabs.ultimate-guitar.com/tab/first-aid-kit/emmylou-chords-1125712
Florida Georgia Line,Cruise,https://tabs.ultimate-guitar.com/tab/florida-georgia-line/cruise-chords-1161882
Flyte,Im Not There,https://tabs.ultimate-guitar.com/tab/flyte/im-not-there-chords-5671524
Fountains of Wayne,Stacys Mom,https://tabs.ultimate-guitar.com/tab/fountains-of-wayne/stacys-mom-chords-58371
Frank Sinatra,Fly Me To The Moon,https://tabs.ultimate-guitar.com/tab/frank-sinatra/fly-me-to-the-moon-chords-335196
Frank Sinatra,You Make Me Feel So Young,https://tabs.ultimate-guitar.com/tab/frank-sinatra/you-make-me-feel-so-young-chords-1425782
Franz Ferdinand,Take Me Out,https://tabs.ultimate-guitar.com/tab/franz-ferdinand/take-me-out-chords-176648
Fun.,Carry On,https://tabs.ultimate-guitar.com/tab/fun-/carry-on-chords-1145122
Garth Brooks,Callin Baton Rouge,https://tabs.ultimate-guitar.com/tab/garth-brooks/callin-baton-rouge-chords-62594
Gary Jules,Mad World,https://tabs.ultimate-guitar.com/tab/gary-jules/mad-world-official-2148405
Gene Kelly,Singin In The Rain,https://tabs.ultimate-guitar.com/tab/gene-kelly/singin-in-the-rain-chords-2668107
George Gershwin,Summertime,https://tabs.ultimate-guitar.com/tab/george-gershwin/summertime-chords-1053545
George Michael,Faith,https://tabs.ultimate-guitar.com/tab/george-michael/faith-chords-902159
George Strait,Here For A Good Time,https://tabs.ultimate-guitar.com/tab/george-strait/here-for-a-good-time-chords-1069207
Gillian Welch,Look At Miss Ohio,https://tabs.ultimate-guitar.com/tab/gillian-welch/look-at-miss-ohio-chords-1089277
Glee Cast,Survivor - I Will Survive,https://tabs.ultimate-guitar.com/tab/glee-cast/survivor-i-will-survive-chords-1114124
Glen Hansard,Falling Slowly,https://tabs.ultimate-guitar.com/tab/glen-hansard/falling-slowly-chords-542037
Gloria Gaynor,I Will Survive,https://tabs.ultimate-guitar.com/user/tab/view?h=ktYUef2XPGPmRaa78A6mPkRh&tab_id=31633589
Gnarls Barkley,Crazy,https://tabs.ultimate-guitar.com/tab/gnarls-barkley/crazy-chords-377909
Goo Goo Dolls,Iris,https://tabs.ultimate-guitar.com/tab/goo-goo-dolls/iris-chords-822601
Gracie Abrams,Hit The Wall,https://tabs.ultimate-guitar.com/tab/gracie-abrams/hit-the-wall-chords-6312455
Gracie Abrams,Risk,https://tabs.ultimate-guitar.com/tab/gracie-abrams/risk-chords-4997995
Gracie Abrams,Thats So True,https://tabs.ultimate-guitar.com/tab/gracie-abrams/thats-so-true-chords-5471322
Green Day,Basket Case,https://tabs.ultimate-guitar.com/tab/green-day/basket-case-official-1911353
Green Day,Good Riddance Time Of Your Life,https://tabs.ultimate-guitar.com/tab/green-day/good-riddance-time-of-your-life-chords-12835
Gregory Alan Isakov,The Stable Song,https://tabs.ultimate-guitar.com/tab/gregory-alan-isakov/the-stable-song-chords-2451005
Grover Washington Jr.,Just The Two Of Us,https://tabs.ultimate-guitar.com/tab/grover-washington-jr-/just-the-two-of-us-official-2463036
Guns N' Roses,Sweet Child O Mine,https://tabs.ultimate-guitar.com/tab/guns-n-roses/sweet-child-o-mine-chords-176076
H.E.R.,Hard Place,https://tabs.ultimate-guitar.com/tab/h-e-r-/hard-place-chords-2541771
Hall & Oates,Rich Girl,https://tabs.ultimate-guitar.com/tab/hall-oates/rich-girl-chords-1234917
Hanson,Mmmbop,https://tabs.ultimate-guitar.com/user/tab/view?h=H6OMpxNouhg-UzQ7Me4T56sf&tab_id=25397282
Harvey Danger,Flagpole Sitta,https://tabs.ultimate-guitar.com/tab/harvey-danger/flagpole-sitta-chords-41929
Heart,Alone,https://tabs.ultimate-guitar.com/tab/heart/alone-chords-1153842
Hilary Duff,What Dreams Are Made Of,https://tabs.ultimate-guitar.com/tab/hilary-duff/what-dreams-are-made-of-ukulele-1284087
Hoobastank,The Reason,https://tabs.ultimate-guitar.com/tab/hoobastank/the-reason-chords-1134949
Houaida Goulli,I Love The Mountains,https://tabs.ultimate-guitar.com/tab/houaida-goulli/i-love-the-mountains-chords-1407457
Hozier,Someone New,https://tabs.ultimate-guitar.com/tab/hozier/someone-new-chords-1450238
Hozier,Take Me To Church,https://tabs.ultimate-guitar.com/tab/hozier/take-me-to-church-chords-1513312
Hozier,The Humours Of Whiskey,https://tabs.ultimate-guitar.com/tab/hozier/the-humours-of-whiskey-chords-3575054
Hozier,Too Sweet,https://tabs.ultimate-guitar.com/tab/hozier/too-sweet-chords-5194038
Illenium,Good Things Fall Apart,https://tabs.ultimate-guitar.com/tab/illenium/good-things-fall-apart-official-2728626
Imogen Heap,Hide And Seek,https://tabs.ultimate-guitar.com/tab/imogen-heap/hide-and-seek-official-3903305
Indigo Girls,Closer To Fine,https://tabs.ultimate-guitar.com/tab/indigo-girls/closer-to-fine-chords-534175
Indigo Girls,Galileo,https://tabs.ultimate-guitar.com/tab/indigo-girls/galileo-chords-1156991
Ingrid Michaelson,The Way I Am,https://tabs.ultimate-guitar.com/tab/ingrid-michaelson/the-way-i-am-chords-631388
Ingrid Michaelson,You And I,https://tabs.ultimate-guitar.com/tab/ingrid-michaelson/you-and-i-chords-746553
Iris DeMent,Let The Mystery Be,https://tabs.ultimate-guitar.com/tab/iris-dement/let-the-mystery-be-chords-1411687
Iron & Wine,Love Vigilantes,https://tabs.ultimate-guitar.com/tab/iron-wine/love-vigilantes-chords-1686355
Iron & Wine,Naked As We Came,https://tabs.ultimate-guitar.com/tab/iron-wine/naked-as-we-came-chords-500977
Iron & Wine,Upward Over The Mountain,https://tabs.ultimate-guitar.com/tab/iron-wine/upward-over-the-mountain-chords-129806
Israel Kamakawiwoʻole,Over The Rainbow,https://tabs.ultimate-guitar.com/tab/2135261
Jack Johnson,Better Together,https://tabs.ultimate-guitar.com/tab/jack-johnson/better-together-chords-606852
James Blunt,Youre Beautiful,https://tabs.ultimate-guitar.com/tab/james-blunt/youre-beautiful-chords-180394
James Taylor,Carolina In My Mind,https://tabs.ultimate-guitar.com/tab/james-taylor/carolina-in-my-mind-chords-1065978
James Taylor,Fire And Rain,https://tabs.ultimate-guitar.com/tab/james-taylor/fire-and-rain-chords-1045012
James Taylor,Sweet Baby James,https://tabs.ultimate-guitar.com/tab/james-taylor/sweet-baby-james-chords-1498173
James Taylor,Youve Got A Friend,https://tabs.ultimate-guitar.com/tab/james-taylor/youve-got-a-friend-chords-56577
Janelle Monáe,Make Me Feel,https://tabs.ultimate-guitar.com/tab/2324849
Jason Isbell,Cover Me Up,https://tabs.ultimate-guitar.com/tab/jason-isbell/cover-me-up-chords-1407124
Jason Mraz,Im Yours,https://tabs.ultimate-guitar.com/tab/jason-mraz/im-yours-chords-468625
Jaya Lakshmi,Altar Of Love,https://tabs.ultimate-guitar.com/tab/jaya-lakshmi/altar-of-love-chords-2894423
Jeff Buckley,Hallelujah,https://tabs.ultimate-guitar.com/tab/jeff-buckley/hallelujah-chords-198052
Jefferson Airplane,Somebody To Love,https://tabs.ultimate-guitar.com/tab/jefferson-airplane/somebody-to-love-chords-1874825
Jerry Lee Lewis,Great Balls Of Fire,https://tabs.ultimate-guitar.com/tab/jerry-lee-lewis/great-balls-of-fire-chords-104376
Jewel,You Were Meant For Me,https://tabs.ultimate-guitar.com/tab/jewel/you-were-meant-for-me-chords-10951
Jimmy Eat World,The Middle,https://tabs.ultimate-guitar.com/tab/jimmy-eat-world/the-middle-chords-872107
Jo Dee Messina,Bye Bye,https://tabs.ultimate-guitar.com/tab/jo-dee-messina/bye-bye-chords-1496305
Jo Dee Messina,Heads Carolina Tails California,https://tabs.ultimate-guitar.com/tab/jo-dee-messina/heads-carolina-tails-california-chords-2107141
John Denver,Annies Song,https://tabs.ultimate-guitar.com/tab/john-denver/annies-song-chords-831622
John Denver,Leaving On A Jet Plane,https://tabs.ultimate-guitar.com/tab/john-denver/leaving-on-a-jet-plane-official-2407643
John Denver,Take Me Home Country Roads,https://tabs.ultimate-guitar.com/tab/john-denver/take-me-home-country-roads-chords-57606
John Denver,Today,https://tabs.ultimate-guitar.com/tab/john-denver/today-chords-1060652
John Mayer,Slow Dancing In A Burning Room,https://tabs.ultimate-guitar.com/tab/john-mayer/slow-dancing-in-a-burning-room-chords-706621
John Mayer,The Heart Of Life,https://tabs.ultimate-guitar.com/tab/john-mayer/the-heart-of-life-chords-1758270
John Mayer,Xo,https://tabs.ultimate-guitar.com/tab/john-mayer/xo-chords-1478111
John Michael Montgomery,Sold The Grundy County Auction Incident,https://tabs.ultimate-guitar.com/tab/john-michael-montgomery/sold-the-grundy-county-auction-incident-chords-1775084
John Prine,Angel From Montgomery,https://tabs.ultimate-guitar.com/tab/john-prine/angel-from-montgomery-chords-604233
John Prine,How Lucky,https://tabs.ultimate-guitar.com/tab/john-prine/how-lucky-chords-2330575
John Prine,Paradise,https://tabs.ultimate-guitar.com/tab/john-prine/paradise-chords-1051304
Johnny Cash,I Walk The Line,https://tabs.ultimate-guitar.com/tab/johnny-cash/i-walk-the-line-chords-278859
Johnny Cash,Jackson,https://tabs.ultimate-guitar.com/tab/johnny-cash/jackson-chords-662867
Johnny Cash,Ring Of Fire,https://tabs.ultimate-guitar.com/tab/johnny-cash/ring-of-fire-chords-63352
Johnny Cash,You Are My Sunshine,https://tabs.ultimate-guitar.com/tab/johnny-cash/you-are-my-sunshine-chords-834069
Jon McLaughlin,Indiana,https://tabs.ultimate-guitar.com/tab/jon-mclaughlin/indiana-chords-638401
Joni Mitchell,Both Sides Now,https://tabs.ultimate-guitar.com/tab/joni-mitchell/both-sides-now-chords-1488889
Josh Groban,Evermore,https://tabs.ultimate-guitar.com/tab/josh-groban/evermore-chords-1970515
Juice Newton,Angel Of The Morning,https://tabs.ultimate-guitar.com/tab/juice-newton/angel-of-the-morning-chords-1042703
Jungle,Back On 74,https://tabs.ultimate-guitar.com/tab/jungle/back-on-74-official-4968148
Justin Bieber,Daisies,https://tabs.ultimate-guitar.com/tab/justin-bieber/daisies-chords-5869745
Justin Bieber,Love Yourself,https://tabs.ultimate-guitar.com/tab/justin-bieber/love-yourself-chords-1780199
KT Tunstall,Black Horse And The Cherry Tree,https://tabs.ultimate-guitar.com/tab/kt-tunstall/black-horse-and-the-cherry-tree-chords-835773
KT Tunstall,Suddenly I See,https://tabs.ultimate-guitar.com/tab/kt-tunstall/suddenly-i-see-chords-188726
Kacey Musgraves,Rainbow,https://tabs.ultimate-guitar.com/tab/kacey-musgraves/rainbow-chords-1425791
Kate Rhudy,I Dont Like You Or Your Band,https://tabs.ultimate-guitar.com/tab/kate-rhudy/i-dont-like-you-or-your-band-chords-2089811
Katrina and the Waves,Walking On Sunshine,https://tabs.ultimate-guitar.com/tab/katrina-and-the-waves/walking-on-sunshine-chords-2098515
Katy Kirby,Cool Dry Place,https://tabs.ultimate-guitar.com/tab/katy-kirby/cool-dry-place-chords-3625826
Katy Kirby,Portals,https://tabs.ultimate-guitar.com/tab/katy-kirby/portals-chords-4042966
Katy Perry,Roar,https://tabs.ultimate-guitar.com/tab/katy-perry/roar-official-2140651
Keali'i Reichel,Wanting Memories,https://tabs.ultimate-guitar.com/tab/kealii-reichel/wanting-memories-chords-3628259
Keane,Somewhere Only We Know,https://tabs.ultimate-guitar.com/tab/keane/somewhere-only-we-know-chords-109970
King Harvest,Dancing In The Moonlight,https://tabs.ultimate-guitar.com/tab/king-harvest/dancing-in-the-moonlight-chords-611955
Kylie Minogue,Cant Get You Out Of My Head,https://tabs.ultimate-guitar.com/tab/kylie-minogue/cant-get-you-out-of-my-head-chords-1194736
LMNT,Hey Juliet,https://tabs.ultimate-guitar.com/tab/lmnt/hey-juliet-chords-1100668
La Roux,Bulletproof,https://tabs.ultimate-guitar.com/tab/la-roux/bulletproof-chords-880215
Labi Siffre,Bless The Telephone,https://tabs.ultimate-guitar.com/tab/labi-siffre/bless-the-telephone-official-3766772
Lady Gaga,Paparazzi,https://tabs.ultimate-guitar.com/tab/lady-gaga/paparazzi-chords-762806
Lady Gaga,You And I,https://tabs.ultimate-guitar.com/tab/lady-gaga/you-and-i-chords-979666
Lake Street Dive,Hypotheticals,https://tabs.ultimate-guitar.com/tab/lake-street-dive/hypotheticals-official-4832843
Lake Street Dive,Rich Girl,https://tabs.ultimate-guitar.com/tab/lake-street-dive/rich-girl-chords-2693787
Leona Lewis,Bleeding Love,https://tabs.ultimate-guitar.com/tab/leona-lewis/bleeding-love-chords-690995
Leona Lewis,Keep Bleeding,https://tabs.ultimate-guitar.com/tab/leona-lewis/keep-bleeding-chords-722345
Lizzo,Truth Hurts,https://tabs.ultimate-guitar.com/tab/lizzo/truth-hurts-official-2815931
Lizzy McAlpine,Older,https://tabs.ultimate-guitar.com/user/tab/view?h=jz1yQoC4rr8BBa2AWbBtgpuZ&tab_id=23642865
Loggins & Messina,Dannys Song,https://tabs.ultimate-guitar.com/tab/loggins-messina/dannys-song-chords-9297
Lonestar,Im Already There,https://tabs.ultimate-guitar.com/tab/lonestar/im-already-there-chords-940416
Looking Glass,Brandy Youre A Fine Girl,https://tabs.ultimate-guitar.com/tab/looking-glass/brandy-youre-a-fine-girl-official-2759310
Lorde,Ribs,https://tabs.ultimate-guitar.com/tab/lorde/ribs-official-2786839
Lorde,Royals,https://tabs.ultimate-guitar.com/tab/lorde/royals-official-2165481
Lorde,Team,https://tabs.ultimate-guitar.com/tab/lorde/team-official-2466096
Louis Armstrong,What A Wonderful World,https://tabs.ultimate-guitar.com/tab/louis-armstrong/what-a-wonderful-world-chords-60215
LÉON (Sweden),Lost Time,https://tabs.ultimate-guitar.com/tab/3403586
MaMuse,Power Of Kindness,https://tabs.ultimate-guitar.com/tab/mamuse/power-of-kindness-chords-5289426
Macklemore & Ryan Lewis,Thrift Shop,https://tabs.ultimate-guitar.com/tab/macklemore-ryan-lewis/thrift-shop-official-4313711
Madonna,Like A Prayer,https://tabs.ultimate-guitar.com/tab/madonna/like-a-prayer-chords-430320
Maggie Rogers,Love You For A Long Time,https://tabs.ultimate-guitar.com/tab/maggie-rogers/love-you-for-a-long-time-chords-2901176
Maren Morris,My Church,https://tabs.ultimate-guitar.com/tab/maren-morris/my-church-chords-1768136
Mariah Carey,Always Be My Baby,https://tabs.ultimate-guitar.com/tab/mariah-carey/always-be-my-baby-chords-935651
Mark Ambor,Belong Together,https://tabs.ultimate-guitar.com/tab/mark-ambor/belong-together-chords-5150155
Mark Ronson,Uptown Funk,https://tabs.ultimate-guitar.com/tab/mark-ronson/uptown-funk-chords-1699126
Mark Ronson,Valerie,https://tabs.ultimate-guitar.com/user/tab/view?h=ptQq5EEclJsediaLVuk3liy4&tab_id=23836941
Maroon 5,Memories,https://tabs.ultimate-guitar.com/tab/maroon-5/memories-official-2872610
Maroon 5,She Will Be Loved,https://tabs.ultimate-guitar.com/tab/maroon-5/she-will-be-loved-chords-995857
Maroon 5,Sunday Morning,https://tabs.ultimate-guitar.com/tab/maroon-5/sunday-morning-chords-1007340
Maroon 5,This Love,https://tabs.ultimate-guitar.com/tab/maroon-5/this-love-chords-786697
Mary Hopkin,Those Were The Days,https://tabs.ultimate-guitar.com/tab/mary-hopkin/those-were-the-days-chords-1054310
Matchbox Twenty,3Am,https://tabs.ultimate-guitar.com/tab/matchbox-twenty/3am-chords-1063467
Matchbox Twenty,How Far Weve Come,https://tabs.ultimate-guitar.com/tab/matchbox-twenty/how-far-weve-come-chords-576608
May Erlewine,Palm Of My Hand,https://tabs.ultimate-guitar.com/tab/may-erlewine/palm-of-my-hand-chords-4055923
Meredith Brooks,Bitch,https://tabs.ultimate-guitar.com/tab/meredith-brooks/bitch-chords-185975
Michael Bublé,Havent Met You Yet,https://tabs.ultimate-guitar.com/tab/1007719
Miike Snow,Genghis Khan,https://tabs.ultimate-guitar.com/tab/miike-snow/genghis-khan-chords-1805558
Mika,Grace Kelly,https://tabs.ultimate-guitar.com/tab/mika/grace-kelly-chords-529330
Miki Ratsula,Missing June,https://tabs.ultimate-guitar.com/tab/miki-ratsula/missing-june-chords-4207939
Miley Cyrus,Angels Like You,https://tabs.ultimate-guitar.com/tab/miley-cyrus/angels-like-you-official-3449495
Miley Cyrus,Party In The Usa,https://tabs.ultimate-guitar.com/tab/miley-cyrus/party-in-the-usa-chords-1227643
Miley Cyrus,The Climb,https://tabs.ultimate-guitar.com/tab/miley-cyrus/the-climb-official-2440531
Miley Cyrus,We Cant Stop,https://tabs.ultimate-guitar.com/tab/miley-cyrus/we-cant-stop-official-2477002
Miley Cyrus,Wrecking Ball,https://tabs.ultimate-guitar.com/tab/miley-cyrus/wrecking-ball-official-2245861
Misc Cartoons,Aladdin - A Whole New World,https://tabs.ultimate-guitar.com/tab/misc-cartoons/aladdin-a-whole-new-world-chords-171361
Misc Cartoons,Anastasia - Journey To The Past,https://tabs.ultimate-guitar.com/tab/misc-cartoons/anastasia-journey-to-the-past-chords-3190181
Misc Cartoons,Beauty And The Beast - Be Our Guest,https://tabs.ultimate-guitar.com/tab/misc-cartoons/beauty-and-the-beast-be-our-guest-chords-1012305
Misc Cartoons,Beauty And The Beast Theme,https://tabs.ultimate-guitar.com/tab/misc-cartoons/beauty-and-the-beast-theme-chords-716788
Misc Cartoons,Encanto - We Dont Talk About Bruno,https://tabs.ultimate-guitar.com/tab/misc-cartoons/encanto-we-dont-talk-about-bruno-chords-3956839
Misc Cartoons,Frozen - Do You Want To Build A Snowman,https://tabs.ultimate-guitar.com/tab/misc-cartoons/frozen-do-you-want-to-build-a-snowman-chords-1450507
Misc Cartoons,Frozen - Let It Go,https://tabs.ultimate-guitar.com/tab/misc-cartoons/frozen-let-it-go-chords-1445224
Misc Cartoons,Hercules - Go The Distance,https://tabs.ultimate-guitar.com/tab/misc-cartoons/hercules-go-the-distance-chords-1679579
Misc Cartoons,Hercules - I Wont Say Im In Love,https://tabs.ultimate-guitar.com/user/tab/view?h=NvLGa5tiiSbFOgkXbLB6bwpp&tab_id=30299660
Misc Cartoons,Kpop Demon Hunters - Golden,https://tabs.ultimate-guitar.com/tab/misc-cartoons/kpop-demon-hunters-golden-chords-5844500
Misc Cartoons,Kpop Demon Hunters - Your Idol,https://tabs.ultimate-guitar.com/tab/misc-cartoons/kpop-demon-hunters-your-idol-official-5858510
Misc Cartoons,Moana - Youre Welcome,https://tabs.ultimate-guitar.com/tab/misc-cartoons/moana-youre-welcome-chords-1908753
Misc Cartoons,Mulan - A Girl Worth Fighting For,https://tabs.ultimate-guitar.com/tab/misc-cartoons/mulan-a-girl-worth-fighting-for-chords-2085771
Misc Cartoons,Mulan - Honor To Us All,https://tabs.ultimate-guitar.com/tab/misc-cartoons/mulan-honor-to-us-all-chords-1984077
Misc Cartoons,Mulan - Ill Make A Man Out Of You,https://tabs.ultimate-guitar.com/user/tab/view?h=0dd_c6X3w_V4q8_NG6kBOxOW&tab_id=23915115
Misc Cartoons,Mulan - Reflection,https://tabs.ultimate-guitar.com/tab/misc-cartoons/mulan-reflection-chords-1205220
Misc Cartoons,Pocahontas - Colors Of The Wind,https://tabs.ultimate-guitar.com/tab/misc-cartoons/pocahontas-colors-of-the-wind-chords-1193023
Misc Cartoons,Tangled - When Will My Life Begin,https://tabs.ultimate-guitar.com/tab/misc-cartoons/tangled-when-will-my-life-begin-chords-1054436
Misc Cartoons,The Fairly Oddparents - Chip Skylark - My Shiny Teeth And Me,https://tabs.ultimate-guitar.com/tab/misc-cartoons/the-fairly-oddparents-chip-skylark-my-shiny-teeth-and-me-chords-1477245
Misc Cartoons,The Lion King - Be Prepared Reprise,https://tabs.ultimate-guitar.com/tab/misc-cartoons/the-lion-king-be-prepared-reprise-chords-2380485
Misc Cartoons,The Lion King - I Just Cant Wait To Be King,https://tabs.ultimate-guitar.com/tab/misc-cartoons/the-lion-king-i-just-cant-wait-to-be-king-chords-810607
Misc Cartoons,The Little Mermaid - Part Of Your World,https://tabs.ultimate-guitar.com/tab/misc-cartoons/the-little-mermaid-part-of-your-world-chords-978268
Misc Cartoons,The Little Mermaid - Under The Sea,https://tabs.ultimate-guitar.com/tab/misc-cartoons/the-little-mermaid-under-the-sea-chords-1415795
Misc Cartoons,Toy Story 2 - When She Loved Me,https://tabs.ultimate-guitar.com/tab/misc-cartoons/toy-story-2-when-she-loved-me-chords-1007461
Misc Children,Make New Friends,https://tabs.ultimate-guitar.com/tab/misc-children/make-new-friends-chords-3363785
Misc Musicals,Annie - Tomorrow,https://tabs.ultimate-guitar.com/tab/misc-musicals/annie-tomorrow-chords-1065090
Misc Musicals,Be More Chill - Michael In The Bathroom,https://tabs.ultimate-guitar.com/tab/misc-musicals/be-more-chill-michael-in-the-bathroom-chords-2049663
Misc Musicals,Hamilton - Satisfied,https://tabs.ultimate-guitar.com/tab/misc-musicals/hamilton-satisfied-chords-3145196
Misc Musicals,Hamilton - Youll Be Back,https://tabs.ultimate-guitar.com/tab/misc-musicals/hamilton-youll-be-back-chords-1772610
Misc Musicals,Les Misérables - Empty Chairs At Empty Tables,https://tabs.ultimate-guitar.com/tab/494951
Misc Musicals,Les Misérables - On My Own,https://tabs.ultimate-guitar.com/tab/4409717
Misc Musicals,Les Misérables - One Day More,https://tabs.ultimate-guitar.com/tab/962805
Misc Musicals,Moulin Rouge - Elephant Love Medley,https://tabs.ultimate-guitar.com/tab/misc-musicals/moulin-rouge-elephant-love-medley-chords-3229679
Misc Musicals,Rent - Seasons Of Love,https://tabs.ultimate-guitar.com/tab/misc-musicals/rent-seasons-of-love-official-3392888
Misc Musicals,Rent - Take Me Or Leave Me,https://tabs.ultimate-guitar.com/tab/misc-musicals/rent-take-me-or-leave-me-chords-1049243
Misc Musicals,The Sound Of Music - My Favorite Things,https://tabs.ultimate-guitar.com/tab/misc-musicals/the-sound-of-music-my-favorite-things-chords-839565
Misc Originals,Love Drops - Part Of The Bay,https://tabs.ultimate-guitar.com/tab/misc-originals/love-drops-part-of-the-bay-chords-6510947
Misc Praise Songs,Amazing Grace,https://tabs.ultimate-guitar.com/tab/misc-praise-songs/amazing-grace-chords-614298
Misc Praise Songs,Be Thou My Vision,https://tabs.ultimate-guitar.com/tab/misc-praise-songs/be-thou-my-vision-chords-1410139
Misc Praise Songs,It Is Well With My Soul,https://tabs.ultimate-guitar.com/tab/misc-praise-songs/it-is-well-with-my-soul-chords-503157
Misc Soundtrack,A Star Is Born - Always Remember Us This Way,https://tabs.ultimate-guitar.com/tab/misc-soundtrack/a-star-is-born-always-remember-us-this-way-chords-2484211
Misc Soundtrack,A Star Is Born - Shallow,https://tabs.ultimate-guitar.com/tab/misc-soundtrack/a-star-is-born-shallow-chords-2480119
Misc Soundtrack,Barbie - What Was I Made For,https://tabs.ultimate-guitar.com/tab/misc-soundtrack/barbie-what-was-i-made-for-chords-4871180
Misc Soundtrack,Bring It On The Musical - One Perfect Moment,https://tabs.ultimate-guitar.com/tab/misc-soundtrack/bring-it-on-the-musical-one-perfect-moment-chords-2255223
Misc Soundtrack,Grease - Youre The One That I Want,https://tabs.ultimate-guitar.com/tab/misc-soundtrack/grease-youre-the-one-that-i-want-chords-78010
Misc Soundtrack,Hairspray - Good Morning Baltimore,https://tabs.ultimate-guitar.com/tab/misc-soundtrack/hairspray-good-morning-baltimore-chords-2034043
Misc Soundtrack,Joseph And The Amazing Technicolor Dreamcoat - Any Dream Will Do,https://tabs.ultimate-guitar.com/tab/misc-soundtrack/joseph-and-the-amazing-technicolor-dreamcoat-any-dream-will-do-chords-507101
Misc Soundtrack,Mean Girls - Id Rather Be Me,https://tabs.ultimate-guitar.com/tab/misc-soundtrack/mean-girls-id-rather-be-me-ukulele-2377049
Misc Soundtrack,Moulin Rouge - Come What May,https://tabs.ultimate-guitar.com/tab/misc-soundtrack/moulin-rouge-come-what-may-chords-2529306
Misc Soundtrack,Moulin Rouge - Elephant Love Medley,https://tabs.ultimate-guitar.com/tab/misc-soundtrack/moulin-rouge-elephant-love-medley-chords-753909
Misc Soundtrack,O Brother Where Art Thou - Ill Fly Away,https://tabs.ultimate-guitar.com/tab/misc-soundtrack/o-brother-where-art-thou-ill-fly-away-chords-3325778
Misc Soundtrack,The Greatest Showman - Never Enough,https://tabs.ultimate-guitar.com/tab/misc-soundtrack/the-greatest-showman-never-enough-chords-2267891
Misc Soundtrack,The Greatest Showman - Rewrite The Stars,https://tabs.ultimate-guitar.com/tab/misc-soundtrack/the-greatest-showman-rewrite-the-stars-chords-2238675
Misc Soundtrack,The Greatest Showman - This Is Me,https://tabs.ultimate-guitar.com/tab/misc-soundtrack/the-greatest-showman-this-is-me-chords-2248659
Misc Soundtrack,The Muppet Movie - Rainbow Connection,https://tabs.ultimate-guitar.com/tab/misc-soundtrack/the-muppet-movie-rainbow-connection-chords-1181285
Misc Soundtrack,The Wizard Of Oz - Somewhere Over The Rainbow,https://tabs.ultimate-guitar.com/tab/misc-soundtrack/the-wizard-of-oz-somewhere-over-the-rainbow-chords-175244
Misc Soundtrack,Wicked - Dancing Through Life,https://tabs.ultimate-guitar.com/tab/misc-soundtrack/wicked-dancing-through-life-official-5572431
Misc Soundtrack,Wicked - Defying Gravity,https://tabs.ultimate-guitar.com/tab/misc-soundtrack/wicked-defying-gravity-chords-5517189
Misc Soundtrack,Wicked - Popular,https://tabs.ultimate-guitar.com/tab/misc-soundtrack/wicked-popular-official-5539152
Misc Traditional,Home On The Range,https://tabs.ultimate-guitar.com/tab/misc-traditional/home-on-the-range-chords-1726287
Misc Traditional,Oh My Darling Clementine,https://tabs.ultimate-guitar.com/tab/misc-traditional/oh-my-darling-clementine-chords-1050962
Misc Traditional,Red River Valley,https://tabs.ultimate-guitar.com/tab/misc-traditional/red-river-valley-chords-1051628
Misc Traditional,Wild Mountain Thyme,https://tabs.ultimate-guitar.com/tab/misc-traditional/wild-mountain-thyme-chords-930693
Morgan Wallen,Somebodys Problem,https://tabs.ultimate-guitar.com/tab/morgan-wallen/somebodys-problem-chords-3430403
Mumford & Sons,Little Lion Man,https://tabs.ultimate-guitar.com/tab/mumford-sons/little-lion-man-chords-872773
Muse,Uprising,https://tabs.ultimate-guitar.com/tab/muse/uprising-chords-872240
My Chemical Romance,Welcome To The Black Parade,https://tabs.ultimate-guitar.com/tab/my-chemical-romance/welcome-to-the-black-parade-chords-1004649
Nat King Cole,L-O-V-E,https://tabs.ultimate-guitar.com/tab/nat-king-cole/l-o-v-e-chords-832752
Natalie Imbruglia,Torn,https://tabs.ultimate-guitar.com/tab/natalie-imbruglia/torn-chords-989199
Neil Diamond,Sweet Caroline,https://tabs.ultimate-guitar.com/tab/neil-diamond/sweet-caroline-chords-1053578
Neutral Milk Hotel,In The Aeroplane Over The Sea,https://tabs.ultimate-guitar.com/tab/neutral-milk-hotel/in-the-aeroplane-over-the-sea-chords-35827
Nickel Creek,Tomorrow Is A Long Time,https://tabs.ultimate-guitar.com/tab/nickel-creek/tomorrow-is-a-long-time-chords-1085666
Nicki Minaj,Super Bass,https://tabs.ultimate-guitar.com/tab/nicki-minaj/super-bass-chords-1057087
Nina Simone,Feeling Good,https://tabs.ultimate-guitar.com/tab/nina-simone/feeling-good-chords-779475
Nitty Gritty Dirt Band,Fishin In The Dark,https://tabs.ultimate-guitar.com/tab/nitty-gritty-dirt-band/fishin-in-the-dark-chords-271591
No Doubt,Dont Speak,https://tabs.ultimate-guitar.com/tab/no-doubt/dont-speak-chords-445952
No Doubt,Just A Girl,https://tabs.ultimate-guitar.com/tab/no-doubt/just-a-girl-chords-275042
Noah Kahan,Stick Season,https://tabs.ultimate-guitar.com/tab/noah-kahan/stick-season-chords-4271572
Obadiah Parker,Hey Ya,https://tabs.ultimate-guitar.com/tab/obadiah-parker/hey-ya-chords-763025
Old Crow Medicine Show,Wagon Wheel,https://tabs.ultimate-guitar.com/tab/old-crow-medicine-show/wagon-wheel-chords-754823
Olive Klug,What To Make Of Me,https://tabs.ultimate-guitar.com/tab/olive-klug/what-to-make-of-me-chords-5307963
Olivia Rodrigo,All-American Bitch,https://tabs.ultimate-guitar.com/tab/olivia-rodrigo/all-american-bitch-chords-4945450
Olivia Rodrigo,Bad Idea Right,https://tabs.ultimate-guitar.com/tab/olivia-rodrigo/bad-idea-right-chords-4910386
Olivia Rodrigo,Drop Dead,https://tabs.ultimate-guitar.com/tab/olivia-rodrigo/drop-dead-chords-6245006
Olivia Rodrigo,Good 4 U,https://tabs.ultimate-guitar.com/tab/olivia-rodrigo/good-4-u-chords-3705839
Olivia Rodrigo,Love Is Embarrassing,https://tabs.ultimate-guitar.com/tab/olivia-rodrigo/love-is-embarrassing-chords-4945537
Olivia Rodrigo,Vampire,https://tabs.ultimate-guitar.com/tab/olivia-rodrigo/vampire-chords-4843571
Omi,Cheerleader,https://tabs.ultimate-guitar.com/tab/omi/cheerleader-chords-1708843
One Direction,What Makes You Beautiful,https://tabs.ultimate-guitar.com/tab/one-direction/what-makes-you-beautiful-chords-1083333
Osibisa,Woyaya,https://tabs.ultimate-guitar.com/tab/osibisa/woyaya-chords-3279344
OutKast,Hey Ya,https://tabs.ultimate-guitar.com/tab/outkast/hey-ya-chords-857088
P!nk,Just Give Me A Reason,https://tabs.ultimate-guitar.com/tab/pnk/just-give-me-a-reason-chords-1192331
P!nk,Raise Your Glass,https://tabs.ultimate-guitar.com/tab/pnk/raise-your-glass-chords-1183648
Paramore,Still Into You,https://tabs.ultimate-guitar.com/tab/paramore/still-into-you-chords-1231873
Patsy Cline,Side By Side,https://tabs.ultimate-guitar.com/tab/patsy-cline/side-by-side-chords-1771525
Paul Anka,Put Your Head On My Shoulder,https://tabs.ultimate-guitar.com/tab/paul-anka/put-your-head-on-my-shoulder-chords-853909
Paul Simon,50 Ways To Leave Your Lover,https://tabs.ultimate-guitar.com/tab/paul-simon/50-ways-to-leave-your-lover-chords-1507685
Paul Simon,You Can Call Me Al,https://tabs.ultimate-guitar.com/tab/paul-simon/you-can-call-me-al-chords-1745615
Peter Gabriel,In Your Eyes,https://tabs.ultimate-guitar.com/tab/peter-gabriel/in-your-eyes-chords-1645351
"Peter, Paul and Mary",500 Miles,https://tabs.ultimate-guitar.com/tab/peter-paul-and-mary/500-miles-chords-1816484
"Peter, Paul and Mary",If I Had A Hammer,https://tabs.ultimate-guitar.com/tab/peter-paul-and-mary/if-i-had-a-hammer-chords-1860321
Phil Collins,Youll Be In My Heart,https://tabs.ultimate-guitar.com/tab/phil-collins/youll-be-in-my-heart-chords-327834
Phillip Phillips,Home,https://tabs.ultimate-guitar.com/tab/phillip-phillips/home-chords-1483111
Plain White T's,1 2 3 4,https://tabs.ultimate-guitar.com/tab/plain-white-ts/1-2-3-4-chords-824833
Plain White T's,Hey There Delilah,https://tabs.ultimate-guitar.com/tab/plain-white-ts/hey-there-delilah-chords-337676
Pomplamoose,Lovely Day - Good As Hell Mashup,https://tabs.ultimate-guitar.com/user/tab/view?h=TvEF20MWU9NgXTKxAEyELUOg&tab_id=23425413
Portugal. The Man,Feel It Still,https://tabs.ultimate-guitar.com/tab/portugal-the-man/feel-it-still-chords-1960449
Prince,Raspberry Beret,https://tabs.ultimate-guitar.com/tab/prince/raspberry-beret-official-3606323
Queen,Somebody To Love,https://tabs.ultimate-guitar.com/tab/queen/somebody-to-love-chords-208584
Queen,We Are The Champions,https://tabs.ultimate-guitar.com/tab/queen/we-are-the-champions-chords-55346
R. Kelly,Ignition Remix,https://tabs.ultimate-guitar.com/tab/r-kelly/ignition-remix-chords-1687985
R.E.M.,Losing My Religion,https://tabs.ultimate-guitar.com/tab/r-e-m-/losing-my-religion-chords-114345
Rachel Platten,Fight Song,https://tabs.ultimate-guitar.com/tab/rachel-platten/fight-song-chords-1725296
Radiohead,Creep,https://tabs.ultimate-guitar.com/tab/radiohead/creep-chords-4169
Radiohead,Karma Police,https://tabs.ultimate-guitar.com/tab/radiohead/karma-police-chords-103398
Ragnar Kjartansson,My Feminine Ways,https://tabs.ultimate-guitar.com/tab/ragnar-kjartansson/my-feminine-ways-chords-1516170
Ramones,I Wanna Be Sedated,https://tabs.ultimate-guitar.com/tab/ramones/i-wanna-be-sedated-chords-1207763
Randy Travis,Deeper Than The Holler,https://tabs.ultimate-guitar.com/tab/randy-travis/deeper-than-the-holler-chords-1666430
Randy Travis,Forever And Ever Amen,https://tabs.ultimate-guitar.com/tab/randy-travis/forever-and-ever-amen-chords-87134
Randy Travis,Three Wooden Crosses,https://tabs.ultimate-guitar.com/tab/randy-travis/three-wooden-crosses-chords-897760
Rascal Flatts,Bless The Broken Road,https://tabs.ultimate-guitar.com/tab/rascal-flatts/bless-the-broken-road-chords-162352
Ray Charles,Hallelujah I Love Her So,https://tabs.ultimate-guitar.com/tab/ray-charles/hallelujah-i-love-her-so-official-4277545
Ray LaMontagne,Jolene,https://tabs.ultimate-guitar.com/tab/ray-lamontagne/jolene-chords-1210073
Regina Spektor,Fidelity,https://tabs.ultimate-guitar.com/tab/regina-spektor/fidelity-chords-488334
Renee & Jeremy,Night Mantra,https://tabs.ultimate-guitar.com/tab/renee-jeremy/night-mantra-chords-1706207
Renne And Jeremy,Night Mantra,https://tabs.ultimate-guitar.com/tab/renne-and-jeremy/night-mantra-chords-1488065
Rihanna,Umbrella,https://tabs.ultimate-guitar.com/tab/rihanna/umbrella-chords-531916
Robbie Williams,Candy,https://tabs.ultimate-guitar.com/tab/robbie-williams/candy-chords-1193428
Robyn,Dancing On My Own,https://tabs.ultimate-guitar.com/tab/robyn/dancing-on-my-own-chords-956611
Rose Betts,Doodles,https://tabs.ultimate-guitar.com/tab/rose-betts/doodles-chords-5369394
Rose Betts,Goodbye California,https://tabs.ultimate-guitar.com/tab/rose-betts/goodbye-california-chords-6483821
Rose Betts,Save Me A Seat,https://tabs.ultimate-guitar.com/tab/rose-betts/save-me-a-seat-chords-5764001
Rostam,Bike Dream,https://tabs.ultimate-guitar.com/tab/rostam/bike-dream-chords-2154895
Roy Orbison,Oh Pretty Woman,https://tabs.ultimate-guitar.com/tab/roy-orbison/oh-pretty-woman-chords-810517
Royal & the Serpent,Overwhelmed,https://tabs.ultimate-guitar.com/tab/royal-the-serpent/overwhelmed-official-4596161
Rusted Root,Send Me On My Way,https://tabs.ultimate-guitar.com/tab/rusted-root/send-me-on-my-way-chords-1123454
Sabrina Carpenter,Espresso,https://tabs.ultimate-guitar.com/tab/sabrina-carpenter/espresso-chords-5223687
Sam Cooke,Wonderful World,https://tabs.ultimate-guitar.com/tab/sam-cooke/wonderful-world-chords-258832
Sam Smith,How Will I Know,https://tabs.ultimate-guitar.com/tab/sam-smith/how-will-i-know-chords-1506780
Sam Smith,Im Not The Only One,https://tabs.ultimate-guitar.com/tab/sam-smith/im-not-the-only-one-chords-1510178
Sam Smith,Stay With Me,https://tabs.ultimate-guitar.com/tab/sam-smith/stay-with-me-chords-1473600
Sammy Copley,To The Bone,https://tabs.ultimate-guitar.com/tab/sammy-copley/to-the-bone-chords-4175974
Santana,Smooth,https://tabs.ultimate-guitar.com/tab/santana/smooth-chords-1399971
Sara Bareilles,Bad Idea,https://tabs.ultimate-guitar.com/tab/sara-bareilles/bad-idea-chords-1798274
Sara Bareilles,She Used To Be Mine,https://tabs.ultimate-guitar.com/tab/sara-bareilles/she-used-to-be-mine-official-2470396
Sara Bareilles,When He Sees Me,https://tabs.ultimate-guitar.com/tab/sara-bareilles/when-he-sees-me-chords-1816527
Savage Garden,Truly Madly Deeply,https://tabs.ultimate-guitar.com/tab/savage-garden/truly-madly-deeply-chords-3337
Shaggy,It Wasnt Me,https://tabs.ultimate-guitar.com/tab/shaggy/it-wasnt-me-chords-1957265
Shania Twain,Forever And For Always,https://tabs.ultimate-guitar.com/tab/shania-twain/forever-and-for-always-chords-402425
Shania Twain,Up,https://tabs.ultimate-guitar.com/tab/shania-twain/up-chords-1017593
Shania Twain,Youre Still The One,https://tabs.ultimate-guitar.com/tab/shania-twain/youre-still-the-one-chords-1136614
Sia,Chandelier,https://tabs.ultimate-guitar.com/tab/sia/chandelier-chords-1476462
Sia,Snowman,https://tabs.ultimate-guitar.com/tab/sia/snowman-chords-2233623
Simon & Garfunkel,Cecilia,https://tabs.ultimate-guitar.com/tab/simon-garfunkel/cecilia-chords-931605
Simon & Garfunkel,The Boxer,https://tabs.ultimate-guitar.com/tab/simon-garfunkel/the-boxer-chords-83970
Simon & Garfunkel,The Sound Of Silence,https://tabs.ultimate-guitar.com/tab/simon-garfunkel/the-sound-of-silence-chords-159157
Sixpence None The Richer,There She Goes,https://tabs.ultimate-guitar.com/tab/sixpence-none-the-richer/there-she-goes-chords-1130384
Smash Mouth,All Star,https://tabs.ultimate-guitar.com/tab/smash-mouth/all-star-chords-428803
Smokey Robinson,Cruisin,https://tabs.ultimate-guitar.com/tab/smokey-robinson/cruisin-chords-82080
Sonny & Cher,I Got You Babe,https://tabs.ultimate-guitar.com/tab/sonny-cher/i-got-you-babe-chords-1903113
Spin Doctors,Two Princes,https://tabs.ultimate-guitar.com/tab/spin-doctors/two-princes-chords-2535
Stephen Sanchez,Until I Found You,https://tabs.ultimate-guitar.com/tab/stephen-sanchez/until-i-found-you-chords-3860363
Steve Moakler,Damn Do I Think About You,https://tabs.ultimate-guitar.com/tab/steve-moakler/damn-do-i-think-about-you-chords-1914419
Stevie Wonder,Signed Sealed Delivered Im Yours,https://tabs.ultimate-guitar.com/tab/stevie-wonder/signed-sealed-delivered-im-yours-official-2919347
Sticky Fingers,Cyclone,https://tabs.ultimate-guitar.com/tab/sticky-fingers/cyclone-chords-1670544
Sufjan Stevens,Casimir Pulaski Day,https://tabs.ultimate-guitar.com/tab/sufjan-stevens/casimir-pulaski-day-chords-916331
Sugar Ray,Every Morning,https://tabs.ultimate-guitar.com/tab/sugar-ray/every-morning-chords-906219
Sugar Ray,Fly,https://tabs.ultimate-guitar.com/tab/sugar-ray/fly-chords-2652483
Sum 41,In Too Deep,https://tabs.ultimate-guitar.com/tab/sum-41/in-too-deep-chords-1689289
Taio Cruz,Dynamite,https://tabs.ultimate-guitar.com/tab/taio-cruz/dynamite-official-2797235
Tal Bachman,Shes So High,https://tabs.ultimate-guitar.com/tab/tal-bachman/shes-so-high-chords-721438
Taylor Swift,22,https://tabs.ultimate-guitar.com/tab/taylor-swift/22-official-2471976
Taylor Swift,All Too Well,https://tabs.ultimate-guitar.com/tab/taylor-swift/all-too-well-chords-1189554
Taylor Swift,Anti-Hero,https://tabs.ultimate-guitar.com/tab/taylor-swift/anti-hero-official-4394123
Taylor Swift,Back To December,https://tabs.ultimate-guitar.com/tab/taylor-swift/back-to-december-chords-995170
Taylor Swift,Betty,https://tabs.ultimate-guitar.com/tab/taylor-swift/betty-chords-3261314
Taylor Swift,Blank Space,https://tabs.ultimate-guitar.com/tab/taylor-swift/blank-space-chords-1674053
Taylor Swift,Cardigan,https://tabs.ultimate-guitar.com/tab/taylor-swift/cardigan-chords-3261305
Taylor Swift,Fearless,https://tabs.ultimate-guitar.com/tab/taylor-swift/fearless-official-2493894
Taylor Swift,Long Live,https://tabs.ultimate-guitar.com/tab/taylor-swift/long-live-chords-998555
Taylor Swift,Love Story,https://tabs.ultimate-guitar.com/tab/taylor-swift/love-story-chords-730809
Taylor Swift,Lover,https://tabs.ultimate-guitar.com/tab/taylor-swift/lover-chords-2796355
Taylor Swift,Mean,https://tabs.ultimate-guitar.com/tab/taylor-swift/mean-chords-997065
Taylor Swift,Red,https://tabs.ultimate-guitar.com/tab/taylor-swift/red-chords-1185997
Taylor Swift,Speak Now,https://tabs.ultimate-guitar.com/tab/taylor-swift/speak-now-chords-993331
Taylor Swift,Style,https://tabs.ultimate-guitar.com/tab/taylor-swift/style-official-2193711
Taylor Swift,Tim Mcgraw,https://tabs.ultimate-guitar.com/tab/taylor-swift/tim-mcgraw-chords-428952
Taylor Swift,Today Was A Fairytale,https://tabs.ultimate-guitar.com/tab/taylor-swift/today-was-a-fairytale-chords-914193
Taylor Swift,Treacherous,https://tabs.ultimate-guitar.com/tab/taylor-swift/treacherous-chords-1189904
Taylor Swift,We Are Never Ever Getting Back Together,https://tabs.ultimate-guitar.com/tab/taylor-swift/we-are-never-ever-getting-back-together-chords-1175300
Taylor Swift,Wildest Dreams,https://tabs.ultimate-guitar.com/tab/taylor-swift/wildest-dreams-chords-1674166
Taylor Swift,You Belong With Me,https://tabs.ultimate-guitar.com/tab/taylor-swift/you-belong-with-me-official-1963811
Tears For Fears,Everybody Wants To Rule The World,https://tabs.ultimate-guitar.com/tab/tears-for-fears/everybody-wants-to-rule-the-world-chords-1503308
Teddy Swims,Lose Control,https://tabs.ultimate-guitar.com/tab/teddy-swims/lose-control-chords-5131264
The 1975,Somebody Else,https://tabs.ultimate-guitar.com/tab/the-1975/somebody-else-official-2425433
The All-American Rejects,Dirty Little Secret,https://tabs.ultimate-guitar.com/tab/the-all-american-rejects/dirty-little-secret-official-2081793
The All-American Rejects,Gives You Hell,https://tabs.ultimate-guitar.com/tab/the-all-american-rejects/gives-you-hell-official-2264865
The Archies,Sugar Sugar,https://tabs.ultimate-guitar.com/tab/the-archies/sugar-sugar-official-2220629
The Avett Brothers,Aint No Man,https://tabs.ultimate-guitar.com/tab/the-avett-brothers/aint-no-man-chords-1837167
The Avett Brothers,I And Love And You,https://tabs.ultimate-guitar.com/tab/the-avett-brothers/i-and-love-and-you-chords-847742
The Band Perry,If I Die Young,https://tabs.ultimate-guitar.com/tab/the-band-perry/if-i-die-young-chords-943160
The Bangles,Eternal Flame,https://tabs.ultimate-guitar.com/tab/the-bangles/eternal-flame-chords-1196444
The Beach Boys,Kokomo,https://tabs.ultimate-guitar.com/tab/the-beach-boys/kokomo-chords-705135
The Beach Boys,Wouldnt It Be Nice,https://tabs.ultimate-guitar.com/tab/the-beach-boys/wouldnt-it-be-nice-chords-16805
The Beatles,All My Loving,https://tabs.ultimate-guitar.com/tab/the-beatles/all-my-loving-chords-453882
The Beatles,Blackbird,https://tabs.ultimate-guitar.com/tab/the-beatles/blackbird-official-2093927
The Beatles,Come Together,https://tabs.ultimate-guitar.com/tab/the-beatles/come-together-chords-17413
The Beatles,Here Comes The Sun,https://tabs.ultimate-guitar.com/tab/the-beatles/here-comes-the-sun-chords-566611
The Beatles,Hey Jude,https://tabs.ultimate-guitar.com/tab/the-beatles/hey-jude-chords-1061739
The Beatles,In My Life,https://tabs.ultimate-guitar.com/tab/the-beatles/in-my-life-chords-17422
The Beatles,Ive Just Seen A Face,https://tabs.ultimate-guitar.com/tab/the-beatles/ive-just-seen-a-face-official-2049777
The Beatles,Let It Be,https://tabs.ultimate-guitar.com/tab/the-beatles/let-it-be-official-1939035
The Beatles,Something,https://tabs.ultimate-guitar.com/tab/the-beatles/something-chords-17436
The Beatles,Twist And Shout,https://tabs.ultimate-guitar.com/tab/the-beatles/twist-and-shout-chords-122350
The Chicks (Dixie Chicks),Goodbye Earl,https://tabs.ultimate-guitar.com/tab/the-chicks-dixie-chicks/goodbye-earl-chords-199426
The Chicks (Dixie Chicks),Theres Your Trouble,https://tabs.ultimate-guitar.com/tab/the-chicks-dixie-chicks/theres-your-trouble-chords-1801772
The Cranberries,Dreams,https://tabs.ultimate-guitar.com/tab/the-cranberries/dreams-chords-1485486
The Cranberries,Linger,https://tabs.ultimate-guitar.com/tab/the-cranberries/linger-chords-612578
The Cranberries,Zombie,https://tabs.ultimate-guitar.com/tab/the-cranberries/zombie-chords-844902
The Crew-Cuts,Sh-Boom,https://tabs.ultimate-guitar.com/tab/the-crew-cuts/sh-boom-chords-883419
The Darkness,I Believe In A Thing Called Love,https://tabs.ultimate-guitar.com/tab/the-darkness/i-believe-in-a-thing-called-love-chords-1416874
The Flaming Lips,Do You Realize,https://tabs.ultimate-guitar.com/tab/the-flaming-lips/do-you-realize-chords-50449
The Foundations,Build Me Up Buttercup,https://tabs.ultimate-guitar.com/tab/the-foundations/build-me-up-buttercup-chords-815490
The Four Seasons,December 1963 Oh What A Night,https://tabs.ultimate-guitar.com/tab/the-four-seasons/december-1963-oh-what-a-night-chords-1395990
The Gabe Dixon Band,All Will Be Well,https://tabs.ultimate-guitar.com/tab/the-gabe-dixon-band/all-will-be-well-chords-1860545
The Head and the Heart,Rivers And Roads,https://tabs.ultimate-guitar.com/tab/the-head-and-the-heart/rivers-and-roads-chords-1026669
The Highwomen,Crowded Table,https://tabs.ultimate-guitar.com/tab/the-highwomen/crowded-table-chords-2777728
The Jackson 5,I Want You Back,https://tabs.ultimate-guitar.com/user/tab/view?h=gJ1kXhGAdWbdqeLY4RBTcvr2&tab_id=23451414
The Killers,All These Things That Ive Done,https://tabs.ultimate-guitar.com/tab/the-killers/all-these-things-that-ive-done-chords-1106662
The Killers,Mr Brightside,https://tabs.ultimate-guitar.com/tab/the-killers/mr-brightside-chords-202646
The Kinks,Lola,https://tabs.ultimate-guitar.com/tab/the-kinks/lola-chords-1048969
The Lumineers,Cleopatra,https://tabs.ultimate-guitar.com/tab/the-lumineers/cleopatra-chords-1829193
The Mamas & The Papas,California Dreamin,https://tabs.ultimate-guitar.com/tab/the-mamas-the-papas/california-dreamin-chords-862466
The Moldy Peaches,Anyone Else But You,https://tabs.ultimate-guitar.com/tab/the-moldy-peaches/anyone-else-but-you-chords-630353
The Monkees,Im A Believer,https://tabs.ultimate-guitar.com/tab/the-monkees/im-a-believer-chords-25298
The Offspring,Youre Gonna Go Far Kid,https://tabs.ultimate-guitar.com/tab/the-offspring/youre-gonna-go-far-kid-chords-727290
The Outfield,Your Love,https://tabs.ultimate-guitar.com/tab/the-outfield/your-love-chords-772505
The Police,Every Little Thing She Does Is Magic,https://tabs.ultimate-guitar.com/tab/the-police/every-little-thing-she-does-is-magic-chords-1692334
The Police,Roxanne,https://tabs.ultimate-guitar.com/tab/the-police/roxanne-chords-953512
The Postal Service,Such Great Heights,https://tabs.ultimate-guitar.com/tab/the-postal-service/such-great-heights-chords-757520
The Red Jumpsuit Apparatus,Your Guardian Angel,https://tabs.ultimate-guitar.com/tab/the-red-jumpsuit-apparatus/your-guardian-angel-chords-408726
The Seekers,Morningtown Ride,https://tabs.ultimate-guitar.com/tab/the-seekers/morningtown-ride-chords-933818
The Turtles,Happy Together,https://tabs.ultimate-guitar.com/tab/the-turtles/happy-together-official-1967543
The Wailin' Jennys,Keep Me In Your Heart,https://tabs.ultimate-guitar.com/tab/the-wailin-jennys/keep-me-in-your-heart-chords-3115616
The Weepies,Gotta Have You,https://tabs.ultimate-guitar.com/tab/the-weepies/gotta-have-you-chords-2871854
Third Eye Blind,Semi-Charmed Life,https://tabs.ultimate-guitar.com/tab/third-eye-blind/semi-charmed-life-chords-1011668
Thurston Harris,Little Bitty Pretty One,https://tabs.ultimate-guitar.com/tab/thurston-harris/little-bitty-pretty-one-chords-946487
Tim McGraw,Red Ragtop,https://tabs.ultimate-guitar.com/tab/tim-mcgraw/red-ragtop-chords-1007768
Tim Minchin,White Wine In The Sun,https://tabs.ultimate-guitar.com/tab/tim-minchin/white-wine-in-the-sun-chords-1032923
Toby Keith,Beer For My Horses,https://tabs.ultimate-guitar.com/tab/toby-keith/beer-for-my-horses-chords-1073033
Tommy Makem,Red Is The Rose,https://tabs.ultimate-guitar.com/tab/tommy-makem/red-is-the-rose-chords-1031265
Toto,Africa,https://tabs.ultimate-guitar.com/tab/toto/africa-chords-87063
Tove Lo,Habits Stay High,https://tabs.ultimate-guitar.com/tab/tove-lo/habits-stay-high-chords-1454850
Tove Lo,Talking Body,https://tabs.ultimate-guitar.com/tab/tove-lo/talking-body-chords-1667707
Tracy Chapman,Fast Car,https://tabs.ultimate-guitar.com/tab/tracy-chapman/fast-car-official-1962589
Tracy Lawrence,Paint Me A Birmingham,https://tabs.ultimate-guitar.com/tab/tracy-lawrence/paint-me-a-birmingham-chords-810189
Train,Hey Soul Sister,https://tabs.ultimate-guitar.com/tab/train/hey-soul-sister-chords-884388
Uncle Kracker,Drift Away,https://tabs.ultimate-guitar.com/tab/uncle-kracker/drift-away-chords-1157413
Uncle Kracker,Follow Me,https://tabs.ultimate-guitar.com/tab/uncle-kracker/follow-me-chords-1063207
Usher,Yeah,https://tabs.ultimate-guitar.com/tab/usher/yeah-official-5154745
Van Morrison,Brown Eyed Girl,https://tabs.ultimate-guitar.com/tab/van-morrison/brown-eyed-girl-chords-819644
Van Morrison,Into The Mystic,https://tabs.ultimate-guitar.com/tab/van-morrison/into-the-mystic-chords-106508
Vance Joy,Riptide,https://tabs.ultimate-guitar.com/tab/vance-joy/riptide-chords-1237247
Vengaboys,Boom Boom Boom Boom,https://tabs.ultimate-guitar.com/tab/vengaboys/boom-boom-boom-boom-chords-4239793
WALK THE MOON,Shut Up And Dance,https://tabs.ultimate-guitar.com/user/tab/view?h=X60dQTWHGs2OK3kdFJqStKT-&tab_id=23451270
Watchhouse (Mandolin Orange),Take This Heart Of Gold,https://tabs.ultimate-guitar.com/tab/watchhouse-mandolin-orange/take-this-heart-of-gold-chords-1898560
Waxahatchee,Cant Do Much,https://tabs.ultimate-guitar.com/tab/waxahatchee/cant-do-much-chords-3161111
Weezer,Island In The Sun,https://tabs.ultimate-guitar.com/tab/weezer/island-in-the-sun-chords-852868
Weezer,Say It Aint So,https://tabs.ultimate-guitar.com/tab/weezer/say-it-aint-so-chords-1006422
Weezer,Undone - The Sweater Song,https://tabs.ultimate-guitar.com/tab/weezer/undone-the-sweater-song-chords-21705
Wham!,Wake Me Up Before You Go-Go,https://tabs.ultimate-guitar.com/tab/wham/wake-me-up-before-you-go-go-chords-1020178
Wheatus,Teenage Dirtbag,https://tabs.ultimate-guitar.com/tab/wheatus/teenage-dirtbag-chords-927822
Whitney Houston,I Have Nothing,https://tabs.ultimate-guitar.com/tab/whitney-houston/i-have-nothing-official-3743603
Whitney Houston,I Wanna Dance With Somebody Who Loves Me,https://tabs.ultimate-guitar.com/tab/whitney-houston/i-wanna-dance-with-somebody-who-loves-me-chords-585203
Woody Guthrie,Mail Myself To You,https://tabs.ultimate-guitar.com/tab/woody-guthrie/mail-myself-to-you-chords-2273765
Woody Guthrie,This Land Is Your Land,https://tabs.ultimate-guitar.com/tab/woody-guthrie/this-land-is-your-land-chords-1054304
Yael Naim,New Soul,https://tabs.ultimate-guitar.com/tab/yael-naim/new-soul-chords-974355
Yellowcard,Ocean Avenue,https://tabs.ultimate-guitar.com/tab/yellowcard/ocean-avenue-chords-758433
Yellowcard,Only One,https://tabs.ultimate-guitar.com/tab/yellowcard/only-one-chords-841047
Zac Brown Band,Colder Weather,https://tabs.ultimate-guitar.com/tab/zac-brown-band/colder-weather-chords-990491
Zeph,Could You Love Me While I Hate Myself,https://tabs.ultimate-guitar.com/tab/zeph/could-you-love-me-while-i-hate-myself-chords-4076884
a-ha,Take On Me,https://tabs.ultimate-guitar.com/tab/a-ha/take-on-me-chords-390284
